Province,Organisation,Reserve,Status,Status note,Last checked,Decision needed,Notes,Has map location,Sources
Eastern Cape,Eastern Cape Parks & Tourism,Baviaanskloof Nature Reserve,not checked yet,,,,,yes,
Eastern Cape,Eastern Cape Parks & Tourism,Commando Drift Nature Reserve,not checked yet,,,,,yes,
Eastern Cape,Eastern Cape Parks & Tourism,Dwesa-Cwebe Nature Reserve,not checked yet,,,,,yes,
Eastern Cape,Eastern Cape Parks & Tourism,East London Coast Nature Reserve,open,"Made up of 10 small coastal reserves (Cape Morgan, Double Mouth, Kwelera, Nahoon, Gulu…)",2026-09-27,"One stamp for all 10 coastal reserves, or split like the big parks?",,yes,https://www.sa-venues.com/game-reserves/east-london-coast.php
Eastern Cape,Eastern Cape Parks & Tourism,Fort Fordyce Nature Reserve,not checked yet,,,,,yes,
Eastern Cape,Eastern Cape Parks & Tourism,Great Fish River Nature Reserve,not checked yet,,,,,yes,
Eastern Cape,Eastern Cape Parks & Tourism,Hluleka Nature Reserve,not checked yet,,,,,yes,
Eastern Cape,Eastern Cape Parks & Tourism,Mkhambathi Nature Reserve,not checked yet,,,,,yes,
Eastern Cape,Eastern Cape Parks & Tourism,Mpofu Nature Reserve,not checked yet,,,,,yes,
Eastern Cape,Eastern Cape Parks & Tourism,Oviston Nature Reserve,not checked yet,,,,,yes,
Eastern Cape,Eastern Cape Parks & Tourism,Silaka Nature Reserve,not checked yet,,,,,yes,
Eastern Cape,Eastern Cape Parks & Tourism,Thomas Baines Nature Reserve,not checked yet,,,,,yes,
Eastern Cape,Eastern Cape Parks & Tourism,Tsolwana Nature Reserve,not checked yet,,,,,yes,
Eastern Cape,Eastern Cape Parks & Tourism,Umtiza Nature Reserve,open,,2026-09-27,,,yes,https://visiteasterncape.co.za/news-centre/umtiza-nature-reserve-a-hidden-gem-for-hiking-enthusiasts/
Eastern Cape,Eastern Cape Parks & Tourism,Waters Meeting Nature Reserve,not checked yet,,,,,yes,
Eastern Cape,SANParks,Addo Elephant National Park,not checked yet,,,,,yes,
Eastern Cape,SANParks,Camdeboo National Park,not checked yet,,,,,yes,
Eastern Cape,SANParks,Garden Route National Park – Tsitsikamma,not checked yet,,,,,yes,
Eastern Cape,SANParks,Mountain Zebra National Park,not checked yet,,,,,yes,
Free State,Free State Provincial Parks,Caledon Nature Reserve,open,Listed by DESTEA as a provincial resort/reserve (page intermittently unreachable),2026-09-27,,,yes,https://www.destea.gov.za/?page_id=3774
Free State,Free State Provincial Parks,Erfenis Dam Nature Reserve,open,Listed by DESTEA as a provincial resort/reserve (page intermittently unreachable),2026-09-27,,,yes,https://www.destea.gov.za/?page_id=3774
Free State,Free State Provincial Parks,Gariep Dam Nature Reserve (Hendrik Verwoerd Dam),not checked yet,,,,,yes,
Free State,Free State Provincial Parks,Kalkfontein Dam Nature Reserve,open,Listed by DESTEA as a provincial resort/reserve (page intermittently unreachable),2026-09-27,,,yes,https://www.destea.gov.za/?page_id=3774
Free State,Free State Provincial Parks,Koppies Dam Nature Reserve,open,Listed by DESTEA as a provincial resort/reserve (page intermittently unreachable),2026-09-27,,,yes,https://www.destea.gov.za/?page_id=3774
Free State,Free State Provincial Parks,Maria Moroka Nature Reserve,open,Listed by DESTEA as a provincial resort/reserve (page intermittently unreachable),2026-09-27,,,NO,https://www.destea.gov.za/?page_id=3774
Free State,Free State Provincial Parks,Rustfontein Dam Nature Reserve,open,Listed by DESTEA as a provincial resort/reserve (page intermittently unreachable),2026-09-27,,,yes,https://www.destea.gov.za/?page_id=3774
Free State,Free State Provincial Parks,Sandveld Nature Reserve,not checked yet,,,,,yes,
Free State,Free State Provincial Parks,Seekoeivlei Nature Reserve,open,Listed by DESTEA as a provincial resort/reserve (page intermittently unreachable),2026-09-27,,,yes,https://www.destea.gov.za/?page_id=3774
Free State,Free State Provincial Parks,Soetdoring Nature Reserve,not checked yet,,,,,NO,
Free State,Free State Provincial Parks,Sterkfontein Dam Nature Reserve,not checked yet,,,,,yes,
Free State,Free State Provincial Parks,Tussen-die-Riviere Nature Reserve,not checked yet,,,,,yes,
Free State,Free State Provincial Parks,Willem Pretorius Game Reserve,not checked yet,,,,,yes,
Free State,SANParks,Golden Gate Highlands National Park,not checked yet,,,,,yes,
Gauteng,Gauteng Provincial Parks,Abe Bailey Nature Reserve,unknown,Exists and provincial; could not confirm current visitor access,2026-09-27,,,yes,https://www.gauteng.net/attractions/abe-bailey-nature-reserve/
Gauteng,Gauteng Provincial Parks,Alice Glockner Nature Reserve,open,,2026-09-27,,,yes,https://en.wikipedia.org/wiki/Alice_Glockner_Nature_Reserve
Gauteng,Gauteng Provincial Parks,Leeuwfontein Collaborative Nature Reserve,open,,2026-09-27,,,NO,https://www.facebook.com/OfficialGDARD/posts/leeuwfontein-provincial-nature-reserve-is-nestled-close-to-hartebeestfontein-pre/1589277807861180/
Gauteng,Gauteng Provincial Parks,Marievale Bird Sanctuary,not checked yet,,,,,yes,
Gauteng,Gauteng Provincial Parks,Roodeplaat Dam Nature Reserve,limited,Day visitors must book ahead,2026-09-27,,,yes,https://www.gauteng.net/attractions/roodeplaat-dam-nature-reserve/
Gauteng,Gauteng Provincial Parks,Suikerbosrand Nature Reserve,not checked yet,,,,,yes,
KwaZulu-Natal,Ezemvelo KZN Wildlife,Amatikulu Nature Reserve,not checked yet,,,,,yes,
KwaZulu-Natal,Ezemvelo KZN Wildlife,Beachwood Mangroves Nature Reserve,not checked yet,,,,,yes,
KwaZulu-Natal,Ezemvelo KZN Wildlife,Cathedral Peak,not checked yet,,,,Part of uKhahlamba-Drakensberg Park (Didima),yes,
KwaZulu-Natal,Ezemvelo KZN Wildlife,Chelmsford Nature Reserve,open,,2026-09-27,,"Surrounds Ntshingwayo Dam (formerly Chelmsford Dam). Ezemvelo still calls the reserve ""Chelmsford"".",yes,https://kznwildlife.com/index.php?Itemid=262&item_id=209&option=com_zoo&task=item
KwaZulu-Natal,Ezemvelo KZN Wildlife,Cobham,not checked yet,,,,Part of uKhahlamba-Drakensberg Park,yes,
KwaZulu-Natal,Ezemvelo KZN Wildlife,Coleford Nature Reserve,open,,2026-09-27,,,yes,https://en.wikipedia.org/wiki/List_of_Ezemvelo_KZN_Wildlife_Protected_Areas
KwaZulu-Natal,Ezemvelo KZN Wildlife,Dlinza Forest Nature Reserve,not checked yet,,,,,NO,
KwaZulu-Natal,Ezemvelo KZN Wildlife,Garden Castle,not checked yet,,,,Part of uKhahlamba-Drakensberg Park,NO,
KwaZulu-Natal,Ezemvelo KZN Wildlife,Giant's Castle,not checked yet,,,,Part of uKhahlamba-Drakensberg Park,yes,
KwaZulu-Natal,Ezemvelo KZN Wildlife,Harold Johnson Nature Reserve,not checked yet,,,,,yes,
KwaZulu-Natal,Ezemvelo KZN Wildlife,Highmoor,not checked yet,,,,Part of uKhahlamba-Drakensberg Park,NO,
KwaZulu-Natal,Ezemvelo KZN Wildlife,Hluhluwe-iMfolozi Park,not checked yet,,,,,yes,
KwaZulu-Natal,Ezemvelo KZN Wildlife,Injisuthi,not checked yet,,,,Part of uKhahlamba-Drakensberg Park,NO,
KwaZulu-Natal,Ezemvelo KZN Wildlife,Ithala Game Reserve,not checked yet,,,,,yes,
KwaZulu-Natal,Ezemvelo KZN Wildlife,Kamberg,not checked yet,,,,Part of uKhahlamba-Drakensberg Park,yes,
KwaZulu-Natal,Ezemvelo KZN Wildlife,Kenneth Stainbank Nature Reserve,not checked yet,,,,,yes,
KwaZulu-Natal,Ezemvelo KZN Wildlife,Krantzkloof Nature Reserve,not checked yet,,,,,yes,
KwaZulu-Natal,Ezemvelo KZN Wildlife,Lotheni,not checked yet,,,,Part of uKhahlamba-Drakensberg Park,yes,
KwaZulu-Natal,Ezemvelo KZN Wildlife,Midmar Dam Nature Reserve,not checked yet,,,,,yes,
KwaZulu-Natal,Ezemvelo KZN Wildlife,Monk's Cowl,not checked yet,,,,Part of uKhahlamba-Drakensberg Park,yes,
KwaZulu-Natal,Ezemvelo KZN Wildlife,Mpenjati Nature Reserve,not checked yet,,,,,yes,
KwaZulu-Natal,Ezemvelo KZN Wildlife,Ndumo Game Reserve,not checked yet,,,,,yes,
KwaZulu-Natal,Ezemvelo KZN Wildlife,Nkandla Forest Nature Reserve,open,,2026-09-27,,,yes,https://en.wikipedia.org/wiki/List_of_Ezemvelo_KZN_Wildlife_Protected_Areas
KwaZulu-Natal,Ezemvelo KZN Wildlife,Ntsikeni Nature Reserve,not checked yet,,,,,yes,
KwaZulu-Natal,Ezemvelo KZN Wildlife,Ongoye Forest Nature Reserve,open,,2026-09-27,,,yes,https://en.wikipedia.org/wiki/List_of_Ezemvelo_KZN_Wildlife_Protected_Areas
KwaZulu-Natal,Ezemvelo KZN Wildlife,Ophathe Game Reserve,open,,2026-09-27,,,NO,https://en.wikipedia.org/wiki/List_of_Ezemvelo_KZN_Wildlife_Protected_Areas
KwaZulu-Natal,Ezemvelo KZN Wildlife,Oribi Gorge Nature Reserve,not checked yet,,,,,yes,
KwaZulu-Natal,Ezemvelo KZN Wildlife,Phongolo Nature Reserve,open,,2026-09-27,,,yes,https://en.wikipedia.org/wiki/List_of_Ezemvelo_KZN_Wildlife_Protected_Areas
KwaZulu-Natal,Ezemvelo KZN Wildlife,Queen Elizabeth Park Nature Reserve,open,,2026-09-27,,,NO,https://en.wikipedia.org/wiki/List_of_Ezemvelo_KZN_Wildlife_Protected_Areas
KwaZulu-Natal,Ezemvelo KZN Wildlife,Royal Natal National Park,not checked yet,,,,Part of uKhahlamba-Drakensberg Park,yes,
KwaZulu-Natal,Ezemvelo KZN Wildlife,Rugged Glen Nature Reserve,open,,2026-09-27,,Part of uKhahlamba-Drakensberg Park,yes,https://en.wikipedia.org/wiki/List_of_Ezemvelo_KZN_Wildlife_Protected_Areas
KwaZulu-Natal,Ezemvelo KZN Wildlife,Spioenkop Dam Nature Reserve,not checked yet,,,,,yes,
KwaZulu-Natal,Ezemvelo KZN Wildlife,Tembe Elephant Park,not checked yet,,,,,yes,
KwaZulu-Natal,Ezemvelo KZN Wildlife,Umlalazi Nature Reserve,not checked yet,,,,,yes,
KwaZulu-Natal,Ezemvelo KZN Wildlife,Umtamvuna Nature Reserve,not checked yet,,,,,yes,
KwaZulu-Natal,Ezemvelo KZN Wildlife,Vergelegen,open,,2026-09-27,,Part of uKhahlamba-Drakensberg Park,yes,https://en.wikipedia.org/wiki/List_of_Ezemvelo_KZN_Wildlife_Protected_Areas
KwaZulu-Natal,Ezemvelo KZN Wildlife,Vernon Crookes Nature Reserve,not checked yet,,,,,yes,
KwaZulu-Natal,Ezemvelo KZN Wildlife,Wagendrift Dam Nature Reserve,open,,2026-09-27,,,yes,https://en.wikipedia.org/wiki/List_of_Ezemvelo_KZN_Wildlife_Protected_Areas
KwaZulu-Natal,Ezemvelo KZN Wildlife,Weenen Game Reserve,not checked yet,,,,,yes,
KwaZulu-Natal,iSimangaliso Wetland Park Authority,iSimangaliso Wetland Park – Eastern Shores & Cape Vidal,not checked yet,,,,,yes,
KwaZulu-Natal,iSimangaliso Wetland Park Authority,iSimangaliso Wetland Park – Kosi Bay,not checked yet,,,,,yes,
KwaZulu-Natal,iSimangaliso Wetland Park Authority,iSimangaliso Wetland Park – Sodwana Bay,not checked yet,,,,,yes,
KwaZulu-Natal,iSimangaliso Wetland Park Authority,iSimangaliso Wetland Park – uMkhuze,not checked yet,,,,,yes,
KwaZulu-Natal,iSimangaliso Wetland Park Authority,iSimangaliso Wetland Park – Western Shores,not checked yet,,,,,yes,
KwaZulu-Natal,Msinsi (uMngeni-uThukela Water),Albert Falls Dam Nature Reserve,open,,2026-09-27,"Run by Msinsi, a state-owned water utility subsidiary (not a conservation agency) — in scope?",,yes,https://msinsi.co.za/nature-based-tourism/msinsi-albert-falls-dam/
KwaZulu-Natal,Msinsi (uMngeni-uThukela Water),Hazelmere Dam Nature Reserve,open,,2026-09-27,"Run by Msinsi, a state-owned water utility subsidiary (not a conservation agency) — in scope?",,yes,https://msinsi.co.za.dedi314.cpt1.host-h.net/nature-based-tourism/msinsi-hazelmere/
Limpopo,Limpopo Provincial Parks,Atherstone Collaborative Nature Reserve,open,,2026-09-27,,,yes,https://en.wikipedia.org/wiki/Atherstone_Nature_Reserve
Limpopo,Limpopo Provincial Parks,Blouberg Nature Reserve,open,,2026-09-27,,,yes,https://www.lwr.gov.za/
Limpopo,Limpopo Provincial Parks,D'Nyala Nature Reserve,open,,2026-09-27,,,yes,https://www.lwr.gov.za/
Limpopo,Limpopo Provincial Parks,Doorndraai Dam Nature Reserve,open,,2026-09-27,,,yes,https://www.lwr.gov.za/
Limpopo,Limpopo Provincial Parks,Hans Merensky Nature Reserve,unknown,"Reported ""effectively abandoned"" (DA statement, Nov 2025)",2026-09-27,,,yes,https://limpopo.da.org.za/2025/11/da-demands-accountability-and-reform-as-limpopos-nature-reserves-collapse-under-mismanagement
Limpopo,Limpopo Provincial Parks,Happy Rest Nature Reserve,open,,2026-09-27,,,NO,https://www.wheretostay.co.za/topic/5674-happy-rest-nature-reserve
Limpopo,Limpopo Provincial Parks,Langjan Nature Reserve,open,Day visits only — no overnight accommodation,2026-09-27,,,yes,https://www.southafrica.net/gl/en/travel/article/langjan-nature-reserve
Limpopo,Limpopo Provincial Parks,Lekgalameetse Nature Reserve,open,,2026-09-27,,,NO,https://www.lwr.gov.za/
Limpopo,Limpopo Provincial Parks,Letaba Ranch Nature Reserve,unknown,"Reported ""effectively abandoned"" (DA statement, Nov 2025)",2026-09-27,,,yes,https://limpopo.da.org.za/2025/11/da-demands-accountability-and-reform-as-limpopos-nature-reserves-collapse-under-mismanagement
Limpopo,Limpopo Provincial Parks,Makuya Nature Reserve,open,,2026-09-27,,"Added from the Limpopo Wildlife Resorts list (listed as ""Makuya (Singo)"")",NO,https://www.lwr.gov.za/
Limpopo,Limpopo Provincial Parks,Manombe Nature Reserve,unknown,Exists; no current visitor information found,2026-09-27,,,yes,
Limpopo,Limpopo Provincial Parks,Modjadji Nature Reserve,open,Open 07:30–16:30; recent reviews report neglect and overgrown trails,2026-09-27,,,yes,https://www.tripadvisor.com/Attraction_Review-g3376934-d3336952-Reviews-Modjadji_Nature_Reserve-Duiwelskloof_Limpopo_Province.html
Limpopo,Limpopo Provincial Parks,Mokolo Dam Nature Reserve,open,,2026-09-27,,,yes,https://www.lwr.gov.za/
Limpopo,Limpopo Provincial Parks,Nwanedi Nature Reserve,open,,2026-09-27,,,yes,https://www.lwr.gov.za/
Limpopo,Limpopo Provincial Parks,Nylsvley Nature Reserve,open,,2026-09-27,,,yes,https://www.lwr.gov.za/
Limpopo,Limpopo Provincial Parks,Percy Fyfe Nature Reserve,unknown,Exists; no current visitor information found,2026-09-27,,,yes,https://www.sa-venues.com/game-reserves/percy-fyfe.php
Limpopo,Limpopo Provincial Parks,Rust de Winter Dam Nature Reserve,open,,2026-09-27,,Added from the Limpopo Wildlife Resorts list,yes,https://www.lwr.gov.za/
Limpopo,Limpopo Provincial Parks,Schuinsdraai Nature Reserve,open,,2026-09-27,,,NO,https://www.lwr.gov.za/
Limpopo,Limpopo Provincial Parks,Tzaneen Dam Nature Reserve,unknown,Exists; no current visitor information found,2026-09-27,,,yes,https://www.sa-venues.com/game-reserves/tzaneen-dam.php
Limpopo,Limpopo Provincial Parks,Wolkberg Nature Reserve,open,,2026-09-27,,,yes,https://www.lwr.gov.za/
Limpopo,SANParks,Mapungubwe National Park,not checked yet,,,,,yes,
Limpopo,SANParks,Marakele National Park,not checked yet,,,,,yes,
Mpumalanga,Mpumalanga Tourism & Parks,Andover Nature Reserve,open,,2026-09-27,,,NO,https://www.mpumalanga.com/our-provincial-parks
Mpumalanga,Mpumalanga Tourism & Parks,Barberton Nature Reserve,open,,2026-09-27,,,NO,https://www.mpumalanga.com/our-provincial-parks
Mpumalanga,Mpumalanga Tourism & Parks,Blyde River Canyon Nature Reserve,open,,2026-09-27,,,yes,https://www.mpumalanga.com/our-provincial-parks
Mpumalanga,Mpumalanga Tourism & Parks,Loskop Dam Nature Reserve,open,,2026-09-27,,,yes,https://www.mpumalanga.com/our-provincial-parks
Mpumalanga,Mpumalanga Tourism & Parks,Mabusa Nature Reserve,open,,2026-09-27,,,NO,https://www.mpumalanga.com/our-provincial-parks
Mpumalanga,Mpumalanga Tourism & Parks,Mahushe Shongwe Nature Reserve,open,,2026-09-27,,,yes,https://www.mpumalanga.com/our-provincial-parks
Mpumalanga,Mpumalanga Tourism & Parks,Manyeleti Nature Reserve,limited,Visited via the lodges inside the reserve,2026-09-27,Lodge-guests-only reserve — include? (same question as Madikwe),,NO,https://www.mpumalanga.com/our-provincial-parks
Mpumalanga,Mpumalanga Tourism & Parks,Mkhombo Nature Reserve,open,,2026-09-27,,,yes,https://www.mpumalanga.com/our-provincial-parks
Mpumalanga,Mpumalanga Tourism & Parks,Mthethomusha Nature Reserve,open,,2026-09-27,,,yes,https://www.mpumalanga.com/our-provincial-parks
Mpumalanga,Mpumalanga Tourism & Parks,Nooitgedacht Dam Nature Reserve,open,,2026-09-27,,,yes,https://www.mpumalanga.com/our-provincial-parks
Mpumalanga,Mpumalanga Tourism & Parks,Ohrigstad Dam Nature Reserve,open,,2026-09-27,,,yes,https://www.mpumalanga.com/our-provincial-parks
Mpumalanga,Mpumalanga Tourism & Parks,Songimvelo Game Reserve,open,,2026-09-27,,,yes,https://www.mpumalanga.com/our-provincial-parks
Mpumalanga,Mpumalanga Tourism & Parks,SS Skosana Nature Reserve,open,,2026-09-27,,,NO,https://www.mpumalanga.com/our-provincial-parks
Mpumalanga,Mpumalanga Tourism & Parks,Verloren Vallei Nature Reserve,unknown,Not on MTPA's current visitor list; Ramsar wetland — may be access by arrangement only,2026-09-27,,,yes,https://www.mpumalanga.com/our-provincial-parks
Mpumalanga,SANParks,Kruger National Park,not checked yet,,,,"Spans Limpopo + Mpumalanga; main gates (Paul Kruger, Malelane, etc.) in Mpumalanga",yes,
North West,North West Parks,Barberspan Bird Sanctuary,open,,2026-09-27,,,yes,https://ho.org.za/parks/
North West,North West Parks,Bloemhof Dam Nature Reserve,open,,2026-09-27,,,yes,https://ho.org.za/parks/
North West,North West Parks,Borakalalo Game Reserve,open,,2026-09-27,,,yes,https://ho.org.za/parks/
North West,North West Parks,Boskop Dam Nature Reserve,open,,2026-09-27,,,yes,https://ho.org.za/parks/
North West,North West Parks,Botsalano Game Reserve,open,,2026-09-27,,,yes,https://ho.org.za/parks/
North West,North West Parks,Kgaswane Mountain Reserve (Rustenburg Nature Reserve),open,,2026-09-27,,,yes,https://ho.org.za/parks/
North West,North West Parks,Madikwe Game Reserve,limited,Not open to day visitors — lodge guests only,2026-09-27,Lodge-guests-only reserve — include?,,yes,https://ho.org.za/parks/
North West,North West Parks,Mafikeng Game Reserve,open,,2026-09-27,,,yes,https://ho.org.za/parks/
North West,North West Parks,Molemane Eye Nature Reserve,open,,2026-09-27,,,yes,https://ho.org.za/parks/
North West,North West Parks,Molopo Game Reserve,open,,2026-09-27,,,NO,https://ho.org.za/parks/
North West,North West Parks,Pilanesberg National Park,open,,2026-09-27,,Named 'National Park' but run by North West Parks,yes,https://ho.org.za/parks/
North West,North West Parks,Vaalkop Dam Nature Reserve,open,,2026-09-27,,,yes,https://ho.org.za/parks/
North West,North West Parks,Wolwespruit Nature Reserve,open,,2026-09-27,,,NO,https://ho.org.za/parks/
Northern Cape,Northern Cape Provincial Parks,Doornkloof Nature Reserve,open,,2026-09-27,,,yes,https://www.sa-venues.com/game-reserves/doornkloof.php
Northern Cape,Northern Cape Provincial Parks,Goegap Nature Reserve (Hester Malan),not checked yet,,,,,yes,
Northern Cape,Northern Cape Provincial Parks,Oorlogskloof Nature Reserve,open,,2026-09-27,,,yes,https://en.wikipedia.org/wiki/Oorlogskloof_Nature_Reserve
Northern Cape,Northern Cape Provincial Parks,Rolfontein Nature Reserve,not checked yet,,,,,NO,
Northern Cape,Northern Cape Provincial Parks,Witsand Nature Reserve,not checked yet,,,,,yes,
Northern Cape,SANParks,Augrabies Falls National Park,not checked yet,,,,,yes,
Northern Cape,SANParks,Kgalagadi Transfrontier Park,not checked yet,,,,,yes,
Northern Cape,SANParks,Meerkat National Park,not checked yet,,,,,yes,
Northern Cape,SANParks,Mokala National Park,not checked yet,,,,,yes,
Northern Cape,SANParks,Namaqua National Park,not checked yet,,,,,yes,
Northern Cape,SANParks,Tankwa Karoo National Park,not checked yet,,,,,yes,
Northern Cape,SANParks,ǀAi-ǀAis/Richtersveld Transfrontier Park,not checked yet,,,,,yes,
Western Cape,CapeNature,Anysberg Nature Reserve,open,,2026-09-27,,,yes,https://www.capenature.co.za/reserves
Western Cape,CapeNature,Assegaaibosch Nature Reserve,open,,2026-09-27,,,yes,https://www.capenature.co.za/reserves
Western Cape,CapeNature,Boosmansbos Wilderness Area,open,,2026-09-27,,,yes,https://www.capenature.co.za/reserves
Western Cape,CapeNature,Cederberg Wilderness Area,open,,2026-09-27,,,yes,https://www.capenature.co.za/reserves
Western Cape,CapeNature,De Hoop Nature Reserve,open,,2026-09-27,,,yes,https://www.capenature.co.za/reserves
Western Cape,CapeNature,De Mond Nature Reserve,open,,2026-09-27,,,yes,https://www.capenature.co.za/reserves
Western Cape,CapeNature,Gamkaberg Nature Reserve,open,,2026-09-27,,,yes,https://www.capenature.co.za/reserves
Western Cape,CapeNature,Geelkrans Nature Reserve,open,,2026-09-27,,,yes,https://www.capenature.co.za/reserves
Western Cape,CapeNature,Goukamma Nature Reserve,open,,2026-09-27,,,yes,https://www.capenature.co.za/reserves
Western Cape,CapeNature,Groot Winterhoek Wilderness Area,open,,2026-09-27,,,yes,https://www.capenature.co.za/reserves
Western Cape,CapeNature,Grootvadersbosch Nature Reserve,open,,2026-09-27,,,yes,https://www.capenature.co.za/reserves
Western Cape,CapeNature,Hottentots Holland Nature Reserve,open,,2026-09-27,,,yes,https://www.capenature.co.za/reserves
Western Cape,CapeNature,Jonkershoek Nature Reserve,open,,2026-09-27,,,yes,https://www.capenature.co.za/reserves
Western Cape,CapeNature,Keurbooms River Nature Reserve,open,,2026-09-27,,,yes,https://www.capenature.co.za/reserves
Western Cape,CapeNature,Kogelberg Nature Reserve,open,,2026-09-27,,,yes,https://www.capenature.co.za/reserves
Western Cape,CapeNature,Lambert's Bay Bird Island Nature Reserve,open,,2026-09-27,,,NO,https://www.capenature.co.za/reserves
Western Cape,CapeNature,Limietberg Nature Reserve,open,,2026-09-27,,,NO,https://www.capenature.co.za/reserves
Western Cape,CapeNature,Marloth Nature Reserve,open,,2026-09-27,,,yes,https://www.capenature.co.za/reserves
Western Cape,CapeNature,Matjiesrivier Nature Reserve,open,,2026-09-27,,,yes,https://www.capenature.co.za/reserves
Western Cape,CapeNature,Outeniqua Nature Reserve,open,,2026-09-27,,,NO,https://www.capenature.co.za/reserves
Western Cape,CapeNature,Robberg Nature Reserve,open,,2026-09-27,,,yes,https://www.capenature.co.za/reserves
Western Cape,CapeNature,Rocherpan Nature Reserve,open,,2026-09-27,,,yes,https://www.capenature.co.za/reserves
Western Cape,CapeNature,Stony Point Nature Reserve,open,,2026-09-27,,,yes,https://www.capenature.co.za/reserves
Western Cape,CapeNature,Swartberg Nature Reserve,open,,2026-09-27,,Includes Gamkaskloof (Die Hel),yes,https://www.capenature.co.za/reserves
Western Cape,CapeNature,Vrolijkheid Nature Reserve,open,,2026-09-27,,,yes,https://www.capenature.co.za/reserves
Western Cape,CapeNature,Walker Bay Nature Reserve,open,,2026-09-27,,,yes,https://www.capenature.co.za/reserves
Western Cape,SANParks,Agulhas National Park,not checked yet,,,,,yes,
Western Cape,SANParks,Bontebok National Park,not checked yet,,,,,yes,
Western Cape,SANParks,Garden Route National Park – Knysna,not checked yet,,,,,yes,
Western Cape,SANParks,Garden Route National Park – Wilderness,not checked yet,,,,,yes,
Western Cape,SANParks,Karoo National Park,not checked yet,,,,,yes,
Western Cape,SANParks,Table Mountain National Park – Boulders Beach,not checked yet,,,,,yes,
Western Cape,SANParks,Table Mountain National Park – Cape of Good Hope (Cape Point),not checked yet,,,,,yes,
Western Cape,SANParks,Table Mountain National Park – Silvermine,not checked yet,,,,,yes,
Western Cape,SANParks,Table Mountain National Park – Table Mountain,not checked yet,,,,No single gate — photograph the park sign at the Lower Cableway or a main trailhead,yes,
Western Cape,SANParks,West Coast National Park,not checked yet,,,,,yes,
Eastern Cape,Eastern Cape Parks & Tourism,Great Kei Nature Reserve,EXCLUDED,Not a separate reserve — the Great Kei River is the northern boundary of East London Coast Nature Reserve,2026-09-27,,,,https://www.sa-venues.com/game-reserves/east-london-coast.php
Gauteng,SANParks,Groenkloof National Park,EXCLUDED,SANParks head office grounds — no visitors allowed in the park,2026-09-27,,,,https://www.sanparks.org/wp-content/uploads/2021/03/groenkloof.pdf
Mpumalanga,Mpumalanga Tourism & Parks,Mdala Game Reserve,EXCLUDED,Not on MTPA's current list of provincial parks,2026-09-27,,,,https://www.mpumalanga.com/our-provincial-parks
North West,North West Parks,Marico Bosveld Nature Reserve,EXCLUDED,Not on North West Parks' current list of parks,2026-09-27,,,,https://ho.org.za/parks/
North West,North West Parks,SA Lombard Nature Reserve,EXCLUDED,"North West Parks lists it as ""NOT OPEN TO THE PUBLIC""",2026-09-27,,,,https://ho.org.za/parks/
